Workbook

Sheet Sheet
A1: Төрөл | B1: Харилцагч регистр | C1: Харилцагч овог | D1: Харилцагч нэр | E1: Утасны дугаар
A2: Сунгалт | B2: ЙС05302012 | C2: Баярмөнх | D2: БУЯНДЭЛГЭР | E2: =_xlfn.XLOOKUP(B2,Sheet1!C2:C60667,Sheet1!D2:D60667,"Эрх хаагдсан") -> 80090293
A3: Сунгалт | B3: РБ95042119 | C3: Лхагвадорж | D3: БААСАНЦЭРЭН | E3: =_xlfn.XLOOKUP(B3,Sheet1!C3:C60668,Sheet1!D3:D60668,"Эрх хаагдсан") -> 99271154
A4: Сунгалт | B4: ЧА77020709 | C4: Төмөрбаатар | D4: БОЛОР-ЭРДЭНЭ | E4: =_xlfn.XLOOKUP(B4,Sheet1!C4:C60669,Sheet1!D4:D60669,"Эрх хаагдсан") -> 90302983
A5: Сунгалт | B5: УШ94031716 | C5: Хангай | D5: АМГАЛАН | E5: =_xlfn.XLOOKUP(B5,Sheet1!C5:C60670,Sheet1!D5:D60670,"Эрх хаагдсан") -> 91716105
A6: Сунгалт | B6: ХП73020419 | C6: Баяраа | D6: ОЮУНТУЛГА | E6: =_xlfn.XLOOKUP(B6,Sheet1!C6:C60671,Sheet1!D6:D60671,"Эрх хаагдсан") -> 80303399
A7: Сунгалт | B7: ХМ72111968 | C7: Нэмэхсүрэн | D7: ОТГОНБАЯР | E7: =_xlfn.XLOOKUP(B7,Sheet1!C7:C60672,Sheet1!D7:D60672,"Эрх хаагдсан") -> 85244356
A8: Сунгалт | B8: ЛМ89122206 | C8: Батжаргал | D8: БАТЦЭЦЭГ | E8: =_xlfn.XLOOKUP(B8,Sheet1!C8:C60673,Sheet1!D8:D60673,"Эрх хаагдсан") -> 88604711
A9: Сунгалт | B9: НУ90082409 | C9: Цогтсайхан | D9: УРАНЦЭЦЭГ | E9: =_xlfn.XLOOKUP(B9,Sheet1!C9:C60674,Sheet1!D9:D60674,"Эрх хаагдсан") -> 88776746
A10: Сунгалт | B10: БГ01253008 | C10: Балжин | D10: ОЮУНБИЛЭГ | E10: =_xlfn.XLOOKUP(B10,Sheet1!C10:C60675,Sheet1!D10:D60675,"Эрх хаагдсан") -> 94160526
A11: Сунгалт | B11: НЦ73062061 | C11: Самбуу | D11: ОТГОНТӨГС | E11: =_xlfn.XLOOKUP(B11,Sheet1!C11:C60676,Sheet1!D11:D60676,"Эрх хаагдсан") -> 94115035
A12: Сунгалт | B12: МП03280414 | C12: Цэцэгбаатар | D12: ХУВЬСАЙТ | E12: =_xlfn.XLOOKUP(B12,Sheet1!C12:C60677,Sheet1!D12:D60677,"Эрх хаагдсан") -> 94639927
A13: Сунгалт | B13: УЦ07263095 | C13: Намуунзул | D13: АМАРБАЯСГАЛАН | E13: =_xlfn.XLOOKUP(B13,Sheet1!C13:C60678,Sheet1!D13:D60678,"Эрх хаагдсан") -> 85205291
... A6307: Хаасан | B6307: МЮ03281701 | C6307: Тэгшбаяр | D6307: ХАЛИУН | E6307: =_xlfn.XLOOKUP(B6307,Sheet1!C6307:C66972,Sheet1!D6307:D66972,"Эрх хаагдсан") -> 96313096

Sheet Sheet1
A1: Овог | B1: Нэр | C1: Регистр | D1: Утас
A2: Батсайхан | B2: ОТГОНЦЭНГЭЛ | C2: ШУ93052834 | D2: 89366565
A3: Алтангэрэл | B3: МӨНХЗУЛ | C3: ШЗ82081569 | D3: 99695034
A4: Балжинням | B4: ОТГОНБАНДИ | C4: ШЗ79031212 | D4: 80505671
A5: Баярсайхан | B5: УРАНЧИМЭГ | C5: ШЖ77071064 | D5: 89985936
A6: Галсанчойдор | B6: БАТСАЙХАН | C6: ШД70112719 | D6: 93021232
A7: Түвшинжаргал | B7: ЖАРГАЛСАЙХАН | C7: ШД62101101 | D7: 94980850
A8: Базар | B8: ДАЛАЙБААТАР | C8: ШБ86080411 | D8: 95937902
A9: Лодой | B9: ГАНТУЛГА | C9: ШБ72122677 | D9: 80592378
A10: Бат-Эрдэнэ | B10: БААТАРДОРЖ | C10: ЧТ84012013 | D10: 91143999
A11: Баатар | B11: ЭНХТУЯА | C11: ЧТ79032062 | D11: 89896712
A12: Түвшинжаргал | B12: МӨНХЦООЖ | C12: ЧС88011919 | D12: 80603984
... A60667: Алтанхуяг | B60667: БЯМБАДОЛГОР | C60667: АА00211500 | D60667: 86113819
